Attribute,Network_Metric,P_Value,F_Statistic,Max_Category,Max_Mean,Min_Category,Min_Mean,Categories,Category_Means,Category_Sizes,Adjusted_P_Value,Topic
Type_actor,Weighted_Degree,0.0005,18.7348874570377,Country,21.84423520907001,Organisation,0.0,"['Country', 'Organisation']","{'Country': np.float64(21.84423520907001), 'Organisation': np.float64(0.0)}","{'Country': 11, 'Organisation': 4}",0.0063,topic_1
Type_actor,Degree,0.0005,21.45,Country,6.0,Organisation,0.0,"['Country', 'Organisation']","{'Country': np.float64(6.0), 'Organisation': np.float64(0.0)}","{'Country': 11, 'Organisation': 4}",0.0063,topic_1
Type_actor,Degree_Centrality,0.0007,21.449999999999992,Country,0.4285714285714285,Organisation,0.0,"['Country', 'Organisation']","{'Country': np.float64(0.4285714285714285), 'Organisation': np.float64(0.0)}","{'Country': 11, 'Organisation': 4}",0.0063,topic_1
Type_actor,Betweenness_Centrality,0.3568,1.21245308015014,Country,0.02197802197802194,Organisation,0.0,"['Country', 'Organisation']","{'Country': np.float64(0.02197802197802194), 'Organisation': np.float64(0.0)}","{'Country': 11, 'Organisation': 4}",0.7678588235294117,topic_1
Type_actor,Closeness_Centrality,0.001,108.16622899453343,Country,0.5261849389045722,Organisation,0.0,"['Country', 'Organisation']","{'Country': np.float64(0.5261849389045722), 'Organisation': np.float64(0.0)}","{'Country': 11, 'Organisation': 4}",0.0072,topic_1
Type_actor,Eigenvector_Centrality,0.0007,28.456546838329192,Country,0.28466983864280615,Organisation,3.7701083312214064e-10,"['Country', 'Organisation']","{'Country': np.float64(0.28466983864280615), 'Organisation': np.float64(3.7701083312214064e-10)}","{'Country': 11, 'Organisation': 4}",0.0063,topic_1
Geographic_location,Weighted_Degree,0.0016,8.228755549872892,Oceania,33.91610041003381,Global,0.0,"['Asia', 'Europe', 'Global', 'North America', 'Oceania', 'South America']","{'Asia': np.float64(8.884302671533536), 'Europe': np.float64(18.7487428006809), 'Global': np.float64(0.0), 'North America': np.float64(27.91015336496213), 'Oceania': np.float64(33.91610041003381), 'South America': np.float64(20.95810821990117)}","{'Asia': 1, 'Europe': 5, 'Global': 4, 'North America': 1, 'Oceania': 2, 'South America': 2}",0.008228571428571429,topic_1
Geographic_location,Degree,0.016,4.9390728476821195,North America,9.0,Global,0.0,"['Asia', 'Europe', 'Global', 'North America', 'Oceania', 'South America']","{'Asia': np.float64(3.0), 'Europe': np.float64(6.2), 'Global': np.float64(0.0), 'North America': np.float64(9.0), 'Oceania': np.float64(6.0), 'South America': np.float64(5.5)}","{'Asia': 1, 'Europe': 5, 'Global': 4, 'North America': 1, 'Oceania': 2, 'South America': 2}",0.06011999999999999,topic_1
Geographic_location,Degree_Centrality,0.0167,4.939072847682119,North America,0.6428571428571428,Global,0.0,"['Asia', 'Europe', 'Global', 'North America', 'Oceania', 'South America']","{'Asia': np.float64(0.2142857142857142), 'Europe': np.float64(0.4428571428571428), 'Global': np.float64(0.0), 'North America': np.float64(0.6428571428571428), 'Oceania': np.float64(0.4285714285714285), 'South America': np.float64(0.39285714285714285)}","{'Asia': 1, 'Europe': 5, 'Global': 4, 'North America': 1, 'Oceania': 2, 'South America': 2}",0.06011999999999999,topic_1
Geographic_location,Betweenness_Centrality,0.2077,1.5720587957095025,Oceania,0.06456043956043955,Asia,0.0,"['Asia', 'Europe', 'Global', 'North America', 'Oceania', 'South America']","{'Asia': np.float64(0.0), 'Europe': np.float64(0.0104395604395604), 'Global': np.float64(0.0), 'North America': np.float64(0.0521978021978021), 'Oceania': np.float64(0.06456043956043955), 'South America': np.float64(0.0041208791208791)}","{'Asia': 1, 'Europe': 5, 'Global': 4, 'North America': 1, 'Oceania': 2, 'South America': 2}",0.6797454545454544,topic_1
Geographic_location,Closeness_Centrality,0.0012,22.351744671028705,North America,0.6493506493506493,Global,0.0,"['Asia', 'Europe', 'Global', 'North America', 'Oceania', 'South America']","{'Asia': np.float64(0.4201680672268907), 'Europe': np.float64(0.5223050758765044), 'Global': np.float64(0.0), 'North America': np.float64(0.6493506493506493), 'Oceania': np.float64(0.5555555555555556), 'South America': np.float64(0.49793956043956045)}","{'Asia': 1, 'Europe': 5, 'Global': 4, 'North America': 1, 'Oceania': 2, 'South America': 2}",0.0072,topic_1
Geographic_location,Eigenvector_Centrality,0.0089,6.089549287427246,North America,0.3899301344115261,Global,3.7701083312214064e-10,"['Asia', 'Europe', 'Global', 'North America', 'Oceania', 'South America']","{'Asia': np.float64(0.1699566679297584), 'Europe': np.float64(0.3039310552656033), 'Global': np.float64(3.7701083312214064e-10), 'North America': np.float64(0.3899301344115261), 'Oceania': np.float64(0.2429227464445307), 'South America': np.float64(0.2829903267562524)}","{'Asia': 1, 'Europe': 5, 'Global': 4, 'North America': 1, 'Oceania': 2, 'South America': 2}",0.04005,topic_1
Language,Weighted_Degree,0.5142,0.7389483965752519,English,24.92645946261327,Russian,8.884302671533536,"['English', 'French', 'Russian', 'Spanish']","{'English': np.float64(24.92645946261327), 'French': np.float64(19.96365570637731), 'Russian': np.float64(8.884302671533536), 'Spanish': np.float64(20.95810821990117)}","{'English': 6, 'French': 2, 'Russian': 1, 'Spanish': 2}",0.7839310344827586,topic_1
Language,Degree,0.6199,0.6633221850613155,French,7.5,Russian,3.0,"['English', 'French', 'Russian', 'Spanish']","{'English': np.float64(6.166666666666667), 'French': np.float64(7.5), 'Russian': np.float64(3.0), 'Spanish': np.float64(5.5)}","{'English': 6, 'French': 2, 'Russian': 1, 'Spanish': 2}",0.7839310344827586,topic_1
Language,Degree_Centrality,0.6179,0.6633221850613157,French,0.5357142857142857,Russian,0.2142857142857142,"['English', 'French', 'Russian', 'Spanish']","{'English': np.float64(0.4404761904761904), 'French': np.float64(0.5357142857142857), 'Russian': np.float64(0.2142857142857142), 'Spanish': np.float64(0.39285714285714285)}","{'English': 6, 'French': 2, 'Russian': 1, 'Spanish': 2}",0.7839310344827586,topic_1
Language,Betweenness_Centrality,0.7437,0.30051716617857777,English,0.032051282051282014,Russian,0.0,"['English', 'French', 'Russian', 'Spanish']","{'English': np.float64(0.032051282051282014), 'French': np.float64(0.020604395604395552), 'Russian': np.float64(0.0), 'Spanish': np.float64(0.0041208791208791)}","{'English': 6, 'French': 2, 'Russian': 1, 'Spanish': 2}",0.86175,topic_1
Language,Closeness_Centrality,0.6905,0.5246216397005339,French,0.5723443223443223,Russian,0.4201680672268907,"['English', 'French', 'Russian', 'Spanish']","{'English': np.float64(0.5378830825259396), 'French': np.float64(0.5723443223443223), 'Russian': np.float64(0.4201680672268907), 'Spanish': np.float64(0.49793956043956045)}","{'English': 6, 'French': 2, 'Russian': 1, 'Spanish': 2}",0.8286,topic_1
Language,Eigenvector_Centrality,0.6315,0.6168883450821061,French,0.3535103742546671,Russian,0.1699566679297584,"['English', 'French', 'Russian', 'Spanish']","{'English': np.float64(0.2814016925198783), 'French': np.float64(0.3535103742546671), 'Russian': np.float64(0.1699566679297584), 'Spanish': np.float64(0.2829903267562524)}","{'English': 6, 'French': 2, 'Russian': 1, 'Spanish': 2}",0.7839310344827586,topic_1
Income_group_world_bank,Weighted_Degree,0.4586,0.43489220202900053,High income,22.482189673758505,Upper middle income,15.464690562185066,"['High income', 'Upper middle income']","{'High income': np.float64(22.482189673758505), 'Upper middle income': np.float64(15.464690562185066)}","{'High income': 10, 'Upper middle income': 1}",0.7839310344827586,topic_1
Income_group_world_bank,Degree,0.6097,0.6644295302013423,High income,6.2,Upper middle income,4.0,"['High income', 'Upper middle income']","{'High income': np.float64(6.2), 'Upper middle income': np.float64(4.0)}","{'High income': 10, 'Upper middle income': 1}",0.7839310344827586,topic_1
Income_group_world_bank,Degree_Centrality,0.5659,0.6644295302013419,High income,0.4428571428571428,Upper middle income,0.2857142857142857,"['High income', 'Upper middle income']","{'High income': np.float64(0.4428571428571428), 'Upper middle income': np.float64(0.2857142857142857)}","{'High income': 10, 'Upper middle income': 1}",0.7839310344827586,topic_1
Income_group_world_bank,Betweenness_Centrality,0.6262,0.32617947192605046,High income,0.02417582417582414,Upper middle income,0.0,"['High income', 'Upper middle income']","{'High income': np.float64(0.02417582417582414), 'Upper middle income': np.float64(0.0)}","{'High income': 10, 'Upper middle income': 1}",0.7839310344827586,topic_1
Income_group_world_bank,Closeness_Centrality,0.4479,0.6949939987446019,High income,0.5341605756521723,Upper middle income,0.4464285714285714,"['High income', 'Upper middle income']","{'High income': np.float64(0.5341605756521723), 'Upper middle income': np.float64(0.4464285714285714)}","{'High income': 10, 'Upper middle income': 1}",0.7839310344827586,topic_1
Income_group_world_bank,Eigenvector_Centrality,0.5916,0.38986286949904786,High income,0.2910720898474237,Upper middle income,0.2206473265966301,"['High income', 'Upper middle income']","{'High income': np.float64(0.2910720898474237), 'Upper middle income': np.float64(0.2206473265966301)}","{'High income': 10, 'Upper middle income': 1}",0.7839310344827586,topic_1
Territorial_claims,Weighted_Degree,0.3855,1.0985267277550834,CLAIMING,25.774436428906625,NOT CLAIMING,16.28183756327824,"['BASIS OF CLAIM', 'CLAIMING', 'NOT CLAIMING']","{'BASIS OF CLAIM': np.float64(18.397228018247834), 'CLAIMING': np.float64(25.774436428906625), 'NOT CLAIMING': np.float64(16.28183756327824)}","{'BASIS OF CLAIM': 2, 'CLAIMING': 6, 'NOT CLAIMING': 3}",0.771,topic_1
Territorial_claims,Degree,0.9897,0.031496062992125984,NOT CLAIMING,6.333333333333333,CLAIMING,5.833333333333333,"['BASIS OF CLAIM', 'CLAIMING', 'NOT CLAIMING']","{'BASIS OF CLAIM': np.float64(6.0), 'CLAIMING': np.float64(5.833333333333333), 'NOT CLAIMING': np.float64(6.333333333333333)}","{'BASIS OF CLAIM': 2, 'CLAIMING': 6, 'NOT CLAIMING': 3}",0.9917,topic_1
Territorial_claims,Degree_Centrality,0.9917,0.03149606299212586,NOT CLAIMING,0.45238095238095233,CLAIMING,0.4166666666666667,"['BASIS OF CLAIM', 'CLAIMING', 'NOT CLAIMING']","{'BASIS OF CLAIM': np.float64(0.4285714285714285), 'CLAIMING': np.float64(0.4166666666666667), 'NOT CLAIMING': np.float64(0.45238095238095233)}","{'BASIS OF CLAIM': 2, 'CLAIMING': 6, 'NOT CLAIMING': 3}",0.9917,topic_1
Territorial_claims,Betweenness_Centrality,0.8027,0.34905773616612606,CLAIMING,0.029151404151404117,NOT CLAIMING,0.004884004884004867,"['BASIS OF CLAIM', 'CLAIMING', 'NOT CLAIMING']","{'BASIS OF CLAIM': np.float64(0.02609890109890105), 'CLAIMING': np.float64(0.029151404151404117), 'NOT CLAIMING': np.float64(0.004884004884004867)}","{'BASIS OF CLAIM': 2, 'CLAIMING': 6, 'NOT CLAIMING': 3}",0.8756727272727273,topic_1
Territorial_claims,Closeness_Centrality,0.9896,0.007560980972517163,BASIS OF CLAIM,0.53475935828877,NOT CLAIMING,0.5232862375719519,"['BASIS OF CLAIM', 'CLAIMING', 'NOT CLAIMING']","{'BASIS OF CLAIM': np.float64(0.53475935828877), 'CLAIMING': np.float64(0.5247761497761498), 'NOT CLAIMING': np.float64(0.5232862375719519)}","{'BASIS OF CLAIM': 2, 'CLAIMING': 6, 'NOT CLAIMING': 3}",0.9917,topic_1
Territorial_claims,Eigenvector_Centrality,0.766,0.2711378954940744,NOT CLAIMING,0.32470473833026264,CLAIMING,0.2662278679564658,"['BASIS OF CLAIM', 'CLAIMING', 'NOT CLAIMING']","{'BASIS OF CLAIM': np.float64(0.2799434011706422), 'CLAIMING': np.float64(0.2662278679564658), 'NOT CLAIMING': np.float64(0.32470473833026264)}","{'BASIS OF CLAIM': 2, 'CLAIMING': 6, 'NOT CLAIMING': 3}",0.86175,topic_1
Number_stations_groups_2017,Weighted_Degree,0.3588,1.026971184288667,Low,23.685758523554284,High,16.93350637044529,"['High', 'Low']","{'High': np.float64(16.93350637044529), 'Low': np.float64(23.685758523554284)}","{'High': 3, 'Low': 8}",0.7678588235294117,topic_1
Number_stations_groups_2017,Degree,0.3626,1.164705882352941,Low,6.5,High,4.666666666666667,"['High', 'Low']","{'High': np.float64(4.666666666666667), 'Low': np.float64(6.5)}","{'High': 3, 'Low': 8}",0.7678588235294117,topic_1
Number_stations_groups_2017,Degree_Centrality,0.3314,1.1647058823529408,Low,0.46428571428571425,High,0.3333333333333333,"['High', 'Low']","{'High': np.float64(0.3333333333333333), 'Low': np.float64(0.46428571428571425)}","{'High': 3, 'Low': 8}",0.7678588235294117,topic_1
Number_stations_groups_2017,Betweenness_Centrality,0.3382,1.0046174496644282,Low,0.029189560439560405,High,0.0027472527472527336,"['High', 'Low']","{'High': np.float64(0.0027472527472527336), 'Low': np.float64(0.029189560439560405)}","{'High': 3, 'Low': 8}",0.7678588235294117,topic_1
Number_stations_groups_2017,Closeness_Centrality,0.3141,1.2740307284997563,Low,0.5464983924805353,High,0.4720157293686705,"['High', 'Low']","{'High': np.float64(0.4720157293686705), 'Low': np.float64(0.5464983924805353)}","{'High': 3, 'Low': 8}",0.7678588235294117,topic_1
Number_stations_groups_2017,Eigenvector_Centrality,0.451,0.5626653761677614,Low,0.29942886295357557,High,0.2453124404807544,"['High', 'Low']","{'High': np.float64(0.2453124404807544), 'Low': np.float64(0.29942886295357557)}","{'High': 3, 'Low': 8}",0.7839310344827586,topic_1
Type_actor,Weighted_Degree,0.1846,1.8052691152030955,Country,66.05538981845672,Organisation,21.58563232030996,"['Country', 'Organisation']","{'Country': np.float64(66.05538981845672), 'Organisation': np.float64(21.58563232030996)}","{'Country': 30, 'Organisation': 6}",0.2769,topic_5
Type_actor,Degree,0.0336,5.020893361729374,Country,9.366666666666667,Organisation,2.5,"['Country', 'Organisation']","{'Country': np.float64(9.366666666666667), 'Organisation': np.float64(2.5)}","{'Country': 30, 'Organisation': 6}",0.12492,topic_5
Type_actor,Degree_Centrality,0.0347,5.020893361729372,Country,0.26018518518518513,Organisation,0.06944444444444443,"['Country', 'Organisation']","{'Country': np.float64(0.26018518518518513), 'Organisation': np.float64(0.06944444444444443)}","{'Country': 30, 'Organisation': 6}",0.12492,topic_5
Type_actor,Betweenness_Centrality,0.2308,1.223659130244889,Country,0.018880070546737193,Organisation,0.0005731922398589,"['Country', 'Organisation']","{'Country': np.float64(0.018880070546737193), 'Organisation': np.float64(0.0005731922398589)}","{'Country': 30, 'Organisation': 6}",0.31956923076923077,topic_5
Type_actor,Closeness_Centrality,0.0002,17.052491783946582,Country,0.3914274449290765,Organisation,0.08249158249158249,"['Country', 'Organisation']","{'Country': np.float64(0.3914274449290765), 'Organisation': np.float64(0.08249158249158249)}","{'Country': 30, 'Organisation': 6}",0.0018000000000000002,topic_5
Type_actor,Eigenvector_Centrality,0.057,3.7154573561010635,Country,0.1372886859785934,Organisation,0.04111909040147258,"['Country', 'Organisation']","{'Country': np.float64(0.1372886859785934), 'Organisation': np.float64(0.04111909040147258)}","{'Country': 30, 'Organisation': 6}",0.17670000000000002,topic_5
Geographic_location,Weighted_Degree,0.0589,2.912127831872327,Oceania,205.0789900529189,Global,21.58563232030996,"['Africa', 'Asia', 'Europe', 'Global', 'North America', 'Oceania', 'South America']","{'Africa': np.float64(31.382480729604268), 'Asia': np.float64(42.91592629703176), 'Europe': np.float64(60.68698980060801), 'Global': np.float64(21.58563232030996), 'North America': np.float64(192.07638353910863), 'Oceania': np.float64(205.0789900529189), 'South America': np.float64(37.193395280812005)}","{'Africa': 1, 'Asia': 5, 'Europe': 15, 'Global': 6, 'North America': 1, 'Oceania': 2, 'South America': 6}",0.17670000000000002,topic_5
Geographic_location,Degree,0.1497,1.5930284436488928,Oceania,17.5,Global,2.5,"['Africa', 'Asia', 'Europe', 'Global', 'North America', 'Oceania', 'South America']","{'Africa': np.float64(7.0), 'Asia': np.float64(10.2), 'Europe': np.float64(8.466666666666667), 'Global': np.float64(2.5), 'North America': np.float64(16.0), 'Oceania': np.float64(17.5), 'South America': np.float64(7.5)}","{'Africa': 1, 'Asia': 5, 'Europe': 15, 'Global': 6, 'North America': 1, 'Oceania': 2, 'South America': 6}",0.2769,topic_5
Geographic_location,Degree_Centrality,0.1526,1.5930284436488935,Oceania,0.4861111111111111,Global,0.06944444444444443,"['Africa', 'Asia', 'Europe', 'Global', 'North America', 'Oceania', 'South America']","{'Africa': np.float64(0.1944444444444444), 'Asia': np.float64(0.28333333333333327), 'Europe': np.float64(0.2351851851851852), 'Global': np.float64(0.06944444444444443), 'North America': np.float64(0.4444444444444444), 'Oceania': np.float64(0.4861111111111111), 'South America': np.float64(0.20833333333333326)}","{'Africa': 1, 'Asia': 5, 'Europe': 15, 'Global': 6, 'North America': 1, 'Oceania': 2, 'South America': 6}",0.2769,topic_5
Geographic_location,Betweenness_Centrality,0.778,0.3921755905934662,Oceania,0.045079365079365,Global,0.0005731922398589,"['Africa', 'Asia', 'Europe', 'Global', 'North America', 'Oceania', 'South America']","{'Africa': np.float64(0.0006349206349206), 'Asia': np.float64(0.01408994708994708), 'Europe': np.float64(0.01723897707231039), 'Global': np.float64(0.0005731922398589), 'North America': np.float64(0.0141402116402116), 'Oceania': np.float64(0.045079365079365), 'South America': np.float64(0.022072310405643714)}","{'Africa': 1, 'Asia': 5, 'Europe': 15, 'Global': 6, 'North America': 1, 'Oceania': 2, 'South America': 6}",0.8002285714285715,topic_5
Geographic_location,Closeness_Centrality,0.0148,3.0499161546160263,Oceania,0.5248419150858175,Global,0.08249158249158249,"['Africa', 'Asia', 'Europe', 'Global', 'North America', 'Oceania', 'South America']","{'Africa': np.float64(0.3888888888888889), 'Asia': np.float64(0.43159156928764775), 'Europe': np.float64(0.35676500368891956), 'Global': np.float64(0.08249158249158249), 'North America': np.float64(0.5064599483204135), 'Oceania': np.float64(0.5248419150858175), 'South America': np.float64(0.38139296311988735)}","{'Africa': 1, 'Asia': 5, 'Europe': 15, 'Global': 6, 'North America': 1, 'Oceania': 2, 'South America': 6}",0.07611428571428572,topic_5
Geographic_location,Eigenvector_Centrality,0.2121,1.3853027489278587,Oceania,0.2560756118815469,Global,0.04111909040147258,"['Africa', 'Asia', 'Europe', 'Global', 'North America', 'Oceania', 'South America']","{'Africa': np.float64(0.1098044642259468), 'Asia': np.float64(0.16027857162665324), 'Europe': np.float64(0.12537105503029025), 'Global': np.float64(0.04111909040147258), 'North America': np.float64(0.2522075991104046), 'Oceania': np.float64(0.2560756118815469), 'South America': np.float64(0.09375643477845623)}","{'Africa': 1, 'Asia': 5, 'Europe': 15, 'Global': 6, 'North America': 1, 'Oceania': 2, 'South America': 6}",0.30542400000000003,topic_5
Language,Weighted_Degree,0.518,0.7681589775387986,English,91.03504762771276,English ,0.0,"['English', 'English ', 'French', 'Russian', 'Russian ', 'Spanish']","{'English': np.float64(91.03504762771276), 'English ': np.float64(0.0), 'French': np.float64(57.057154857503015), 'Russian': np.float64(31.91704847332095), 'Russian ': np.float64(2.626768827352893), 'Spanish': np.float64(52.44492547414408)}","{'English': 15, 'English ': 1, 'French': 3, 'Russian': 4, 'Russian ': 1, 'Spanish': 6}",0.5904,topic_5
Language,Degree,0.5229,0.864266670389034,French,12.333333333333334,English ,0.0,"['English', 'English ', 'French', 'Russian', 'Russian ', 'Spanish']","{'English': np.float64(10.866666666666667), 'English ': np.float64(0.0), 'French': np.float64(12.333333333333334), 'Russian': np.float64(7.25), 'Russian ': np.float64(3.0), 'Spanish': np.float64(8.166666666666666)}","{'English': 15, 'English ': 1, 'French': 3, 'Russian': 4, 'Russian ': 1, 'Spanish': 6}",0.5904,topic_5
Language,Degree_Centrality,0.5248,0.8642666703890344,French,0.34259259259259256,English ,0.0,"['English', 'English ', 'French', 'Russian', 'Russian ', 'Spanish']","{'English': np.float64(0.30185185185185187), 'English ': np.float64(0.0), 'French': np.float64(0.34259259259259256), 'Russian': np.float64(0.20138888888888884), 'Russian ': np.float64(0.0833333333333333), 'Spanish': np.float64(0.22685185185185178)}","{'English': 15, 'English ': 1, 'French': 3, 'Russian': 4, 'Russian ': 1, 'Spanish': 6}",0.5904,topic_5
Language,Betweenness_Centrality,0.5181,0.6174541762400106,English,0.03194885361552026,English ,0.0,"['English', 'English ', 'French', 'Russian', 'Russian ', 'Spanish']","{'English': np.float64(0.03194885361552026), 'English ': np.float64(0.0), 'French': np.float64(0.0089858906525573), 'Russian': np.float64(0.002480158730158725), 'Russian ': np.float64(0.0), 'Spanish': np.float64(0.008381834215167533)}","{'English': 15, 'English ': 1, 'French': 3, 'Russian': 4, 'Russian ': 1, 'Spanish': 6}",0.5904,topic_5
Language,Closeness_Centrality,0.0252,3.586822970744175,French,0.4627996079479641,English ,0.0,"['English', 'English ', 'French', 'Russian', 'Russian ', 'Spanish']","{'English': np.float64(0.45009558446759274), 'English ': np.float64(0.0), 'French': np.float64(0.4627996079479641), 'Russian': np.float64(0.24472502805836138), 'Russian ': np.float64(0.2756680731364275), 'Spanish': np.float64(0.3914037619407728)}","{'English': 15, 'English ': 1, 'French': 3, 'Russian': 4, 'Russian ': 1, 'Spanish': 6}",0.1134,topic_5
Language,Eigenvector_Centrality,0.4984,0.8841729392051573,French,0.19298108482786203,English ,2.447745293420466e-13,"['English', 'English ', 'French', 'Russian', 'Russian ', 'Spanish']","{'English': np.float64(0.15861026240410095), 'English ': np.float64(2.447745293420466e-13), 'French': np.float64(0.19298108482786203), 'Russian': np.float64(0.12067328321578594), 'Russian ': np.float64(0.0024065351814327), 'Spanish': np.float64(0.11257728679464689)}","{'English': 15, 'English ': 1, 'French': 3, 'Russian': 4, 'Russian ': 1, 'Spanish': 6}",0.5904,topic_5
Income_group_world_bank,Weighted_Degree,0.1463,1.9144454376731503,High income,83.47648795353086,Lower middle income,13.93530317070396,"['High income', 'Lower middle income', 'Upper middle income']","{'High income': np.float64(83.47648795353086), 'Lower middle income': np.float64(13.93530317070396), 'Upper middle income': np.float64(26.840018044856166)}","{'High income': 21, 'Lower middle income': 1, 'Upper middle income': 8}",0.2769,topic_5
Income_group_world_bank,Degree,0.1625,1.679036969832275,High income,10.80952380952381,Lower middle income,3.0,"['High income', 'Lower middle income', 'Upper middle income']","{'High income': np.float64(10.80952380952381), 'Lower middle income': np.float64(3.0), 'Upper middle income': np.float64(6.375)}","{'High income': 21, 'Lower middle income': 1, 'Upper middle income': 8}",0.2769,topic_5
Income_group_world_bank,Degree_Centrality,0.1608,1.6790369698322751,High income,0.30026455026455023,Lower middle income,0.0833333333333333,"['High income', 'Lower middle income', 'Upper middle income']","{'High income': np.float64(0.30026455026455023), 'Lower middle income': np.float64(0.0833333333333333), 'Upper middle income': np.float64(0.1770833333333333)}","{'High income': 21, 'Lower middle income': 1, 'Upper middle income': 8}",0.2769,topic_5
Income_group_world_bank,Betweenness_Centrality,0.829,0.14097524067070785,Upper middle income,0.022719907407407387,Lower middle income,0.0,"['High income', 'Lower middle income', 'Upper middle income']","{'High income': np.float64(0.01831632653061222), 'Lower middle income': np.float64(0.0), 'Upper middle income': np.float64(0.022719907407407387)}","{'High income': 21, 'Lower middle income': 1, 'Upper middle income': 8}",0.829,topic_5
Income_group_world_bank,Closeness_Centrality,0.1483,2.3310635414653293,High income,0.4307409685902286,Upper middle income,0.2946231537124645,"['High income', 'Lower middle income', 'Upper middle income']","{'High income': np.float64(0.4307409685902286), 'Lower middle income': np.float64(0.3402777777777778), 'Upper middle income': np.float64(0.2946231537124645)}","{'High income': 21, 'Lower middle income': 1, 'Upper middle income': 8}",0.2769,topic_5
Income_group_world_bank,Eigenvector_Centrality,0.1049,1.9783861029418033,High income,0.16315396248454703,Lower middle income,0.0507160110365642,"['High income', 'Lower middle income', 'Upper middle income']","{'High income': np.float64(0.16315396248454703), 'Lower middle income': np.float64(0.0507160110365642), 'Upper middle income': np.float64(0.08021391951821884)}","{'High income': 21, 'Lower middle income': 1, 'Upper middle income': 8}",0.2769,topic_5
Territorial_claims,Weighted_Degree,0.0028,15.254956113485456,CLAIMING,155.76678102897714,NOT CLAIMING,30.14350039593785,"['BASIS OF CLAIM', 'CLAIMING', 'NOT CLAIMING']","{'BASIS OF CLAIM': np.float64(129.14035951808344), 'CLAIMING': np.float64(155.76678102897714), 'NOT CLAIMING': np.float64(30.14350039593785)}","{'BASIS OF CLAIM': 2, 'CLAIMING': 7, 'NOT CLAIMING': 21}",0.020159999999999997,topic_5
Territorial_claims,Degree,0.0,12.906772882028225,CLAIMING,17.0,NOT CLAIMING,6.238095238095238,"['BASIS OF CLAIM', 'CLAIMING', 'NOT CLAIMING']","{'BASIS OF CLAIM': np.float64(15.5), 'CLAIMING': np.float64(17.0), 'NOT CLAIMING': np.float64(6.238095238095238)}","{'BASIS OF CLAIM': 2, 'CLAIMING': 7, 'NOT CLAIMING': 21}",0.0,topic_5
Territorial_claims,Degree_Centrality,0.0001,12.90677288202823,CLAIMING,0.4722222222222222,NOT CLAIMING,0.17328042328042323,"['BASIS OF CLAIM', 'CLAIMING', 'NOT CLAIMING']","{'BASIS OF CLAIM': np.float64(0.43055555555555547), 'CLAIMING': np.float64(0.4722222222222222), 'NOT CLAIMING': np.float64(0.17328042328042323)}","{'BASIS OF CLAIM': 2, 'CLAIMING': 7, 'NOT CLAIMING': 21}",0.0012000000000000001,topic_5
Territorial_claims,Betweenness_Centrality,0.1708,1.567238831634995,CLAIMING,0.041908541194255425,NOT CLAIMING,0.01185626102292768,"['BASIS OF CLAIM', 'CLAIMING', 'NOT CLAIMING']","{'BASIS OF CLAIM': np.float64(0.012030423280423249), 'CLAIMING': np.float64(0.041908541194255425), 'NOT CLAIMING': np.float64(0.01185626102292768)}","{'BASIS OF CLAIM': 2, 'CLAIMING': 7, 'NOT CLAIMING': 21}",0.2769,topic_5
Territorial_claims,Closeness_Centrality,0.0144,5.509952135753011,CLAIMING,0.5266833584473971,NOT CLAIMING,0.3359347807366955,"['BASIS OF CLAIM', 'CLAIMING', 'NOT CLAIMING']","{'BASIS OF CLAIM': np.float64(0.5007047216349543), 'CLAIMING': np.float64(0.5266833584473971), 'NOT CLAIMING': np.float64(0.3359347807366955)}","{'BASIS OF CLAIM': 2, 'CLAIMING': 7, 'NOT CLAIMING': 21}",0.07611428571428572,topic_5
Territorial_claims,Eigenvector_Centrality,0.0,12.077174148757251,CLAIMING,0.2560970809731839,NOT CLAIMING,0.08718166359100814,"['BASIS OF CLAIM', 'CLAIMING', 'NOT CLAIMING']","{'BASIS OF CLAIM': np.float64(0.247583038567172), 'CLAIMING': np.float64(0.2560970809731839), 'NOT CLAIMING': np.float64(0.08718166359100814)}","{'BASIS OF CLAIM': 2, 'CLAIMING': 7, 'NOT CLAIMING': 21}",0.0,topic_5
Number_stations_groups_2017,Weighted_Degree,0.6946,0.1770349499920696,High,90.98835019911367,Low,70.43870055477399,"['High', 'Low']","{'High': np.float64(90.98835019911367), 'Low': np.float64(70.43870055477399)}","{'High': 3, 'Low': 24}",0.7354588235294118,topic_5
Number_stations_groups_2017,Degree,0.177,2.279358132749817,High,15.666666666666666,Low,9.416666666666666,"['High', 'Low']","{'High': np.float64(15.666666666666666), 'Low': np.float64(9.416666666666666)}","{'High': 3, 'Low': 24}",0.2769,topic_5
Number_stations_groups_2017,Degree_Centrality,0.1599,2.2793581327498176,High,0.4351851851851851,Low,0.261574074074074,"['High', 'Low']","{'High': np.float64(0.4351851851851851), 'Low': np.float64(0.261574074074074)}","{'High': 3, 'Low': 24}",0.2769,topic_5
Number_stations_groups_2017,Betweenness_Centrality,0.6345,0.3287951932656387,Low,0.022628968253968235,High,0.007768959435626066,"['High', 'Low']","{'High': np.float64(0.007768959435626066), 'Low': np.float64(0.022628968253968235)}","{'High': 3, 'Low': 24}",0.6921818181818181,topic_5
Number_stations_groups_2017,Closeness_Centrality,0.2522,1.39623579793424,High,0.5028058361391695,Low,0.3948691931436918,"['High', 'Low']","{'High': np.float64(0.5028058361391695), 'Low': np.float64(0.3948691931436918)}","{'High': 3, 'Low': 24}",0.33626666666666666,topic_5
Number_stations_groups_2017,Eigenvector_Centrality,0.1338,2.947632536793017,High,0.250878575787068,Low,0.13573147513794684,"['High', 'Low']","{'High': np.float64(0.250878575787068), 'Low': np.float64(0.13573147513794684)}","{'High': 3, 'Low': 24}",0.2769,topic_5
Type_actor,Weighted_Degree,0.5478,0.6088399265721546,Country,14.694605270839261,Organisation,0.0,"['Country', 'Organisation']","{'Country': np.float64(14.694605270839261), 'Organisation': np.float64(0.0)}","{'Country': 16, 'Organisation': 1}",0.9741,topic_7
Type_actor,Degree,0.5291,1.0427807486631016,Country,1.625,Organisation,0.0,"['Country', 'Organisation']","{'Country': np.float64(1.625), 'Organisation': np.float64(0.0)}","{'Country': 16, 'Organisation': 1}",0.9741,topic_7
Type_actor,Degree_Centrality,0.5341,1.0427807486631016,Country,0.1015625,Organisation,0.0,"['Country', 'Organisation']","{'Country': np.float64(0.1015625), 'Organisation': np.float64(0.0)}","{'Country': 16, 'Organisation': 1}",0.9741,topic_7
Type_actor,Betweenness_Centrality,0.8289,0.1465603190428711,Country,0.0036458333333333247,Organisation,0.0,"['Country', 'Organisation']","{'Country': np.float64(0.0036458333333333247), 'Organisation': np.float64(0.0)}","{'Country': 16, 'Organisation': 1}",0.9741,topic_7
Type_actor,Closeness_Centrality,0.3443,1.34320075382689,Country,0.11994047619047618,Organisation,0.0,"['Country', 'Organisation']","{'Country': np.float64(0.11994047619047618), 'Organisation': np.float64(0.0)}","{'Country': 16, 'Organisation': 1}",0.9741,topic_7
Type_actor,Eigenvector_Centrality,0.6448,0.3535903357536236,Country,0.13371832633645514,Organisation,6.571797584575439e-58,"['Country', 'Organisation']","{'Country': np.float64(0.13371832633645514), 'Organisation': np.float64(6.571797584575439e-58)}","{'Country': 16, 'Organisation': 1}",0.9741,topic_7
Geographic_location,Weighted_Degree,0.8246,0.3973359664301538,South America,23.381547917637832,Global,0.0,"['Asia', 'Europe', 'Global', 'North America', 'Oceania', 'South America']","{'Asia': np.float64(7.0940410317937985), 'Europe': np.float64(18.277974652482765), 'Global': np.float64(0.0), 'North America': np.float64(13.989776402009223), 'Oceania': np.float64(12.059592878561311), 'South America': np.float64(23.381547917637832)}","{'Asia': 5, 'Europe': 5, 'Global': 1, 'North America': 1, 'Oceania': 2, 'South America': 3}",0.9741,topic_7
Geographic_location,Degree,0.95,0.3035014005602241,Oceania,2.0,Global,0.0,"['Asia', 'Europe', 'Global', 'North America', 'Oceania', 'South America']","{'Asia': np.float64(1.8), 'Europe': np.float64(1.2), 'Global': np.float64(0.0), 'North America': np.float64(1.0), 'Oceania': np.float64(2.0), 'South America': np.float64(2.0)}","{'Asia': 5, 'Europe': 5, 'Global': 1, 'North America': 1, 'Oceania': 2, 'South America': 3}",0.9741,topic_7
Geographic_location,Degree_Centrality,0.952,0.3035014005602241,Oceania,0.125,Global,0.0,"['Asia', 'Europe', 'Global', 'North America', 'Oceania', 'South America']","{'Asia': np.float64(0.1125), 'Europe': np.float64(0.075), 'Global': np.float64(0.0), 'North America': np.float64(0.0625), 'Oceania': np.float64(0.125), 'South America': np.float64(0.125)}","{'Asia': 5, 'Europe': 5, 'Global': 1, 'North America': 1, 'Oceania': 2, 'South America': 3}",0.9741,topic_7
Geographic_location,Betweenness_Centrality,0.3516,0.983328253581227,Oceania,0.0125,Asia,0.0,"['Asia', 'Europe', 'Global', 'North America', 'Oceania', 'South America']","{'Asia': np.float64(0.0), 'Europe': np.float64(0.0008333333333333199), 'Global': np.float64(0.0), 'North America': np.float64(0.0), 'Oceania': np.float64(0.0125), 'South America': np.float64(0.0097222222222222)}","{'Asia': 5, 'Europe': 5, 'Global': 1, 'North America': 1, 'Oceania': 2, 'South America': 3}",0.9741,topic_7
Geographic_location,Closeness_Centrality,0.9721,0.2501533156265463,North America,0.1428571428571428,Global,0.0,"['Asia', 'Europe', 'Global', 'North America', 'Oceania', 'South America']","{'Asia': np.float64(0.12000000000000002), 'Europe': np.float64(0.1019047619047619), 'Global': np.float64(0.0), 'North America': np.float64(0.1428571428571428), 'Oceania': np.float64(0.125), 'South America': np.float64(0.13888888888888887)}","{'Asia': 5, 'Europe': 5, 'Global': 1, 'North America': 1, 'Oceania': 2, 'South America': 3}",0.9741,topic_7
Geographic_location,Eigenvector_Centrality,0.2471,1.4626870526031401,Asia,0.28922666309147516,Global,6.571797584575439e-58,"['Asia', 'Europe', 'Global', 'North America', 'Oceania', 'South America']","{'Asia': np.float64(0.28922666309147516), 'Europe': np.float64(0.033942839555162314), 'Global': np.float64(6.571797584575439e-58), 'North America': np.float64(1.4806473063603949e-05), 'Oceania': np.float64(0.26178151062468835), 'South America': np.float64(2.2626809218106748e-05)}","{'Asia': 5, 'Europe': 5, 'Global': 1, 'North America': 1, 'Oceania': 2, 'South America': 3}",0.9741,topic_7
Language,Weighted_Degree,0.5764,0.5629447742787185,Spanish,24.531892722848813,French,0.0,"['English', 'French', 'Russian', 'Russian ', 'Spanish']","{'English': np.float64(14.1921987465746), 'French': np.float64(0.0), 'Russian': np.float64(9.256324722861525), 'Russian ': np.float64(0.0), 'Spanish': np.float64(24.531892722848813)}","{'English': 9, 'French': 1, 'Russian': 1, 'Russian ': 1, 'Spanish': 4}",0.9741,topic_7
Language,Degree,0.6425,0.7611607142857143,Russian,3.0,French,0.0,"['English', 'French', 'Russian', 'Russian ', 'Spanish']","{'English': np.float64(1.6666666666666667), 'French': np.float64(0.0), 'Russian': np.float64(3.0), 'Russian ': np.float64(0.0), 'Spanish': np.float64(2.0)}","{'English': 9, 'French': 1, 'Russian': 1, 'Russian ': 1, 'Spanish': 4}",0.9741,topic_7
Language,Degree_Centrality,0.6471,0.7611607142857143,Russian,0.1875,French,0.0,"['English', 'French', 'Russian', 'Russian ', 'Spanish']","{'English': np.float64(0.10416666666666667), 'French': np.float64(0.0), 'Russian': np.float64(0.1875), 'Russian ': np.float64(0.0), 'Spanish': np.float64(0.125)}","{'English': 9, 'French': 1, 'Russian': 1, 'Russian ': 1, 'Spanish': 4}",0.9741,topic_7
Language,Betweenness_Centrality,0.8291,0.21919479463196379,Spanish,0.00729166666666665,French,0.0,"['English', 'French', 'Russian', 'Russian ', 'Spanish']","{'English': np.float64(0.0032407407407407333), 'French': np.float64(0.0), 'Russian': np.float64(0.0), 'Russian ': np.float64(0.0), 'Spanish': np.float64(0.00729166666666665)}","{'English': 9, 'French': 1, 'Russian': 1, 'Russian ': 1, 'Spanish': 4}",0.9741,topic_7
Language,Closeness_Centrality,0.4933,0.9301079989463518,Russian,0.2,French,0.0,"['English', 'French', 'Russian', 'Russian ', 'Spanish']","{'English': np.float64(0.1261904761904762), 'French': np.float64(0.0), 'Russian': np.float64(0.2), 'Russian ': np.float64(0.0), 'Spanish': np.float64(0.14583333333333331)}","{'English': 9, 'French': 1, 'Russian': 1, 'Russian ': 1, 'Spanish': 4}",0.9741,topic_7
Language,Eigenvector_Centrality,0.2507,1.4955057268686762,Russian,0.482044438485792,French,6.571797584575439e-58,"['English', 'French', 'Russian', 'Russian ', 'Spanish']","{'English': np.float64(0.18415030949734243), 'French': np.float64(6.571797584575439e-58), 'Russian': np.float64(0.482044438485792), 'Russian ': np.float64(6.571797584575439e-58), 'Spanish': np.float64(2.399935535210635e-05)}","{'English': 9, 'French': 1, 'Russian': 1, 'Russian ': 1, 'Spanish': 4}",0.9741,topic_7
Income_group_world_bank,Weighted_Degree,0.9741,0.032421081068682696,High income,15.351848193171099,Lower middle income,10.96596805579599,"['High income', 'Lower middle income', 'Upper middle income']","{'High income': np.float64(15.351848193171099), 'Lower middle income': np.float64(10.96596805579599), 'Upper middle income': np.float64(13.308512653193)}","{'High income': 12, 'Lower middle income': 1, 'Upper middle income': 3}",0.9741,topic_7
Income_group_world_bank,Degree,0.842,0.4022277227722773,Lower middle income,3.0,High income,1.5,"['High income', 'Lower middle income', 'Upper middle income']","{'High income': np.float64(1.5), 'Lower middle income': np.float64(3.0), 'Upper middle income': np.float64(1.6666666666666667)}","{'High income': 12, 'Lower middle income': 1, 'Upper middle income': 3}",0.9741,topic_7
Income_group_world_bank,Degree_Centrality,0.8445,0.4022277227722773,Lower middle income,0.1875,High income,0.09375,"['High income', 'Lower middle income', 'Upper middle income']","{'High income': np.float64(0.09375), 'Lower middle income': np.float64(0.1875), 'Upper middle income': np.float64(0.10416666666666667)}","{'High income': 12, 'Lower middle income': 1, 'Upper middle income': 3}",0.9741,topic_7
Income_group_world_bank,Betweenness_Centrality,0.843,0.3809808612440181,High income,0.0048611111111111,Lower middle income,0.0,"['High income', 'Lower middle income', 'Upper middle income']","{'High income': np.float64(0.0048611111111111), 'Lower middle income': np.float64(0.0), 'Upper middle income': np.float64(0.0)}","{'High income': 12, 'Lower middle income': 1, 'Upper middle income': 3}",0.9741,topic_7
Income_group_world_bank,Closeness_Centrality,0.8326,0.31811076007446093,Lower middle income,0.2,High income,0.11269841269841267,"['High income', 'Lower middle income', 'Upper middle income']","{'High income': np.float64(0.11269841269841267), 'Lower middle income': np.float64(0.2), 'Upper middle income': np.float64(0.12222222222222219)}","{'High income': 12, 'Lower middle income': 1, 'Upper middle income': 3}",0.9741,topic_7
Income_group_world_bank,Eigenvector_Centrality,0.3126,1.5696933644551259,Lower middle income,0.482044438485792,High income,0.09794801895149535,"['High income', 'Lower middle income', 'Upper middle income']","{'High income': np.float64(0.09794801895149535), 'Lower middle income': np.float64(0.482044438485792), 'Upper middle income': np.float64(0.16069085182651535)}","{'High income': 12, 'Lower middle income': 1, 'Upper middle income': 3}",0.9741,topic_7
Territorial_claims,Weighted_Degree,0.1407,2.1689538062157667,CLAIMING,25.96179599710823,NOT CLAIMING,7.012100903238505,"['BASIS OF CLAIM', 'CLAIMING', 'NOT CLAIMING']","{'BASIS OF CLAIM': np.float64(11.623050562435374), 'CLAIMING': np.float64(25.96179599710823), 'NOT CLAIMING': np.float64(7.012100903238505)}","{'BASIS OF CLAIM': 2, 'CLAIMING': 6, 'NOT CLAIMING': 8}",0.9741,topic_7
Territorial_claims,Degree,0.5103,0.8285151116951378,CLAIMING,2.1666666666666665,NOT CLAIMING,1.125,"['BASIS OF CLAIM', 'CLAIMING', 'NOT CLAIMING']","{'BASIS OF CLAIM': np.float64(2.0), 'CLAIMING': np.float64(2.1666666666666665), 'NOT CLAIMING': np.float64(1.125)}","{'BASIS OF CLAIM': 2, 'CLAIMING': 6, 'NOT CLAIMING': 8}",0.9741,topic_7
Territorial_claims,Degree_Centrality,0.5004,0.8285151116951378,CLAIMING,0.13541666666666666,NOT CLAIMING,0.0703125,"['BASIS OF CLAIM', 'CLAIMING', 'NOT CLAIMING']","{'BASIS OF CLAIM': np.float64(0.125), 'CLAIMING': np.float64(0.13541666666666666), 'NOT CLAIMING': np.float64(0.0703125)}","{'BASIS OF CLAIM': 2, 'CLAIMING': 6, 'NOT CLAIMING': 8}",0.9741,topic_7
Territorial_claims,Betweenness_Centrality,0.0748,2.488281249999993,CLAIMING,0.0097222222222222,BASIS OF CLAIM,0.0,"['BASIS OF CLAIM', 'CLAIMING', 'NOT CLAIMING']","{'BASIS OF CLAIM': np.float64(0.0), 'CLAIMING': np.float64(0.0097222222222222), 'NOT CLAIMING': np.float64(0.0)}","{'BASIS OF CLAIM': 2, 'CLAIMING': 6, 'NOT CLAIMING': 8}",0.9261000000000001,topic_7
Territorial_claims,Closeness_Centrality,0.4622,0.8079961640332454,BASIS OF CLAIM,0.1714285714285714,NOT CLAIMING,0.08869047619047618,"['BASIS OF CLAIM', 'CLAIMING', 'NOT CLAIMING']","{'BASIS OF CLAIM': np.float64(0.1714285714285714), 'CLAIMING': np.float64(0.14444444444444446), 'NOT CLAIMING': np.float64(0.08869047619047618)}","{'BASIS OF CLAIM': 2, 'CLAIMING': 6, 'NOT CLAIMING': 8}",0.9741,topic_7
Territorial_claims,Eigenvector_Centrality,0.893,0.3500700537825629,BASIS OF CLAIM,0.2410296224794278,CLAIMING,0.08727777461085202,"['BASIS OF CLAIM', 'CLAIMING', 'NOT CLAIMING']","{'BASIS OF CLAIM': np.float64(0.2410296224794278), 'CLAIMING': np.float64(0.08727777461085202), 'NOT CLAIMING': np.float64(0.1417209160949143)}","{'BASIS OF CLAIM': 2, 'CLAIMING': 6, 'NOT CLAIMING': 8}",0.9741,topic_7
Number_stations_groups_2017,Weighted_Degree,0.1883,1.5936766969949412,High,26.466989491925005,Low,11.977901219819474,"['High', 'Low']","{'High': np.float64(26.466989491925005), 'Low': np.float64(11.977901219819474)}","{'High': 3, 'Low': 13}",0.9741,topic_7
Number_stations_groups_2017,Degree,0.1029,3.397058823529411,High,3.0,Low,1.3076923076923077,"['High', 'Low']","{'High': np.float64(3.0), 'Low': np.float64(1.3076923076923077)}","{'High': 3, 'Low': 13}",0.9261000000000001,topic_7
Number_stations_groups_2017,Degree_Centrality,0.1021,3.397058823529411,High,0.1875,Low,0.08173076923076923,"['High', 'Low']","{'High': np.float64(0.1875), 'Low': np.float64(0.08173076923076923)}","{'High': 3, 'Low': 13}",0.9261000000000001,topic_7
Number_stations_groups_2017,Betweenness_Centrality,0.206,1.6682879377431865,High,0.0097222222222222,Low,0.0022435897435897387,"['High', 'Low']","{'High': np.float64(0.0097222222222222), 'Low': np.float64(0.0022435897435897387)}","{'High': 3, 'Low': 13}",0.9741,topic_7
Number_stations_groups_2017,Closeness_Centrality,0.0755,3.05231052240851,High,0.20555555555555557,Low,0.10018315018315017,"['High', 'Low']","{'High': np.float64(0.20555555555555557), 'Low': np.float64(0.10018315018315017)}","{'High': 3, 'Low': 13}",0.9261000000000001,topic_7
Number_stations_groups_2017,Eigenvector_Centrality,0.7292,0.05292865746552506,High,0.1607041063044821,Low,0.12749083865152586,"['High', 'Low']","{'High': np.float64(0.1607041063044821), 'Low': np.float64(0.12749083865152586)}","{'High': 3, 'Low': 13}",0.9741,topic_7
Type_actor,Weighted_Degree,0.4016,0.6105213995670635,Country,52.96910991534757,Organisation,27.96650133911741,"['Country', 'Organisation']","{'Country': np.float64(52.96910991534757), 'Organisation': np.float64(27.96650133911741)}","{'Country': 32, 'Organisation': 7}",0.7270500000000001,topic_14
Type_actor,Degree,0.4649,0.5775008084355002,Country,8.46875,Organisation,6.428571428571429,"['Country', 'Organisation']","{'Country': np.float64(8.46875), 'Organisation': np.float64(6.428571428571429)}","{'Country': 32, 'Organisation': 7}",0.7270500000000001,topic_14
Type_actor,Degree_Centrality,0.4508,0.5775008084354993,Country,0.21714743589743585,Organisation,0.16483516483516483,"['Country', 'Organisation']","{'Country': np.float64(0.21714743589743585), 'Organisation': np.float64(0.16483516483516483)}","{'Country': 32, 'Organisation': 7}",0.7270500000000001,topic_14
Type_actor,Betweenness_Centrality,0.7524,0.14756922728079225,Country,0.010282771350882774,Organisation,0.007359731198740457,"['Country', 'Organisation']","{'Country': np.float64(0.010282771350882774), 'Organisation': np.float64(0.007359731198740457)}","{'Country': 32, 'Organisation': 7}",0.8208,topic_14
Type_actor,Closeness_Centrality,0.2863,1.1776883800544742,Country,0.34050348913143885,Organisation,0.25113832698805866,"['Country', 'Organisation']","{'Country': np.float64(0.34050348913143885), 'Organisation': np.float64(0.25113832698805866)}","{'Country': 32, 'Organisation': 7}",0.71592,topic_14
Type_actor,Eigenvector_Centrality,0.7357,0.11058977093187104,Country,0.12487693334432969,Organisation,0.1101630022516998,"['Country', 'Organisation']","{'Country': np.float64(0.12487693334432969), 'Organisation': np.float64(0.1101630022516998)}","{'Country': 32, 'Organisation': 7}",0.8208,topic_14
Geographic_location,Weighted_Degree,0.6287,0.5406136024187012,Oceania,129.100437497729,Global,27.96650133911741,"['Africa', 'Asia', 'Europe', 'Global', 'North America', 'Oceania', 'South America']","{'Africa': np.float64(45.630734154788776), 'Asia': np.float64(32.638405797587254), 'Europe': np.float64(59.01074648533665), 'Global': np.float64(27.96650133911741), 'North America': np.float64(38.37921365955207), 'Oceania': np.float64(129.100437497729), 'South America': np.float64(34.50958467807481)}","{'Africa': 1, 'Asia': 5, 'Europe': 16, 'Global': 7, 'North America': 2, 'Oceania': 2, 'South America': 6}",0.7754399999999999,topic_14
Geographic_location,Degree,0.4737,0.952285908971408,Oceania,17.5,South America,6.0,"['Africa', 'Asia', 'Europe', 'Global', 'North America', 'Oceania', 'South America']","{'Africa': np.float64(7.0), 'Asia': np.float64(9.6), 'Europe': np.float64(8.0), 'Global': np.float64(6.428571428571429), 'North America': np.float64(8.5), 'Oceania': np.float64(17.5), 'South America': np.float64(6.0)}","{'Africa': 1, 'Asia': 5, 'Europe': 16, 'Global': 7, 'North America': 2, 'Oceania': 2, 'South America': 6}",0.7270500000000001,topic_14
Geographic_location,Degree_Centrality,0.4847,0.9522859089714079,Oceania,0.4487179487179487,South America,0.15384615384615383,"['Africa', 'Asia', 'Europe', 'Global', 'North America', 'Oceania', 'South America']","{'Africa': np.float64(0.1794871794871795), 'Asia': np.float64(0.2461538461538461), 'Europe': np.float64(0.20512820512820512), 'Global': np.float64(0.16483516483516483), 'North America': np.float64(0.2179487179487179), 'Oceania': np.float64(0.4487179487179487), 'South America': np.float64(0.15384615384615383)}","{'Africa': 1, 'Asia': 5, 'Europe': 16, 'Global': 7, 'North America': 2, 'Oceania': 2, 'South America': 6}",0.7270500000000001,topic_14
Geographic_location,Betweenness_Centrality,0.1183,2.1034585874040044,Oceania,0.0485311228732281,North America,0.00217321664690085,"['Africa', 'Asia', 'Europe', 'Global', 'North America', 'Oceania', 'South America']","{'Africa': np.float64(0.0023745260587365), 'Asia': np.float64(0.00918640183346062), 'Europe': np.float64(0.010084261641924157), 'Global': np.float64(0.007359731198740457), 'North America': np.float64(0.00217321664690085), 'Oceania': np.float64(0.0485311228732281), 'South America': np.float64(0.0029975471151941335)}","{'Africa': 1, 'Asia': 5, 'Europe': 16, 'Global': 7, 'North America': 2, 'Oceania': 2, 'South America': 6}",0.4732,topic_14
Geographic_location,Closeness_Centrality,0.6056,0.7614104902116015,Oceania,0.5222326032042631,Global,0.25113832698805866,"['Africa', 'Asia', 'Europe', 'Global', 'North America', 'Oceania', 'South America']","{'Africa': np.float64(0.3655011655011654), 'Asia': np.float64(0.4106932327616879), 'Europe': np.float64(0.31152099587851223), 'Global': np.float64(0.25113832698805866), 'North America': np.float64(0.40411145811224647), 'Oceania': np.float64(0.5222326032042631), 'South America': np.float64(0.27335337770120377)}","{'Africa': 1, 'Asia': 5, 'Europe': 16, 'Global': 7, 'North America': 2, 'Oceania': 2, 'South America': 6}",0.7754399999999999,topic_14
Geographic_location,Eigenvector_Centrality,0.5082,0.9147658698106981,Oceania,0.26912845631363413,South America,0.07208260343900354,"['Africa', 'Asia', 'Europe', 'Global', 'North America', 'Oceania', 'South America']","{'Africa': np.float64(0.1086357616592153), 'Asia': np.float64(0.11958294592187606), 'Europe': np.float64(0.12642708310682627), 'Global': np.float64(0.1101630022516998), 'North America': np.float64(0.1479627563897223), 'Oceania': np.float64(0.26912845631363413), 'South America': np.float64(0.07208260343900354)}","{'Africa': 1, 'Asia': 5, 'Europe': 16, 'Global': 7, 'North America': 2, 'Oceania': 2, 'South America': 6}",0.731808,topic_14
Language,Weighted_Degree,0.6287,0.4009020035039739,English,69.0227003887521,Russian,10.444501060546687,"['English', 'English ', 'French', 'Russian', 'Russian ', 'Spanish']","{'English': np.float64(69.0227003887521), 'English ': np.float64(10.44909875661398), 'French': np.float64(50.66479324127554), 'Russian': np.float64(10.444501060546687), 'Russian ': np.float64(21.509695476532325), 'Spanish': np.float64(49.31573874719618)}","{'English': 17, 'English ': 1, 'French': 3, 'Russian': 4, 'Russian ': 1, 'Spanish': 6}",0.7754399999999999,topic_14
Language,Degree,0.3823,1.119467468295161,French,11.666666666666666,Russian,3.5,"['English', 'English ', 'French', 'Russian', 'Russian ', 'Spanish']","{'English': np.float64(9.941176470588236), 'English ': np.float64(4.0), 'French': np.float64(11.666666666666666), 'Russian': np.float64(3.5), 'Russian ': np.float64(4.0), 'Spanish': np.float64(7.5)}","{'English': 17, 'English ': 1, 'French': 3, 'Russian': 4, 'Russian ': 1, 'Spanish': 6}",0.7270500000000001,topic_14
Language,Degree_Centrality,0.3744,1.1194674682951609,French,0.29914529914529914,Russian,0.08974358974358973,"['English', 'English ', 'French', 'Russian', 'Russian ', 'Spanish']","{'English': np.float64(0.25490196078431365), 'English ': np.float64(0.1025641025641025), 'French': np.float64(0.29914529914529914), 'Russian': np.float64(0.08974358974358973), 'Russian ': np.float64(0.1025641025641025), 'Spanish': np.float64(0.19230769230769226)}","{'English': 17, 'English ': 1, 'French': 3, 'Russian': 4, 'Russian ': 1, 'Spanish': 6}",0.7270500000000001,topic_14
Language,Betweenness_Centrality,0.7211,0.44471115077175766,English,0.01505223682878023,English ,0.0,"['English', 'English ', 'French', 'Russian', 'Russian ', 'Spanish']","{'English': np.float64(0.01505223682878023), 'English ': np.float64(0.0), 'French': np.float64(0.003113108273066967), 'Russian': np.float64(0.006123372241793275), 'Russian ': np.float64(0.0), 'Spanish': np.float64(0.006554640558768483)}","{'English': 17, 'English ': 1, 'French': 3, 'Russian': 4, 'Russian ': 1, 'Spanish': 6}",0.8208,topic_14
Language,Closeness_Centrality,0.1528,1.725543343438183,French,0.44870737447619735,Russian,0.12402254955446441,"['English', 'English ', 'French', 'Russian', 'Russian ', 'Spanish']","{'English': np.float64(0.3865379903242497), 'English ': np.float64(0.358974358974359), 'French': np.float64(0.44870737447619735), 'Russian': np.float64(0.12402254955446441), 'Russian ': np.float64(0.3465959328028293), 'Spanish': np.float64(0.29619720054502663)}","{'English': 17, 'English ': 1, 'French': 3, 'Russian': 4, 'Russian ': 1, 'Spanish': 6}",0.5094000000000001,topic_14
Language,Eigenvector_Centrality,0.0963,1.902271454956144,French,0.21083203645072904,Russian,0.029097296784973643,"['English', 'English ', 'French', 'Russian', 'Russian ', 'Spanish']","{'English': np.float64(0.14947420427835334), 'English ': np.float64(0.0395650592768498), 'French': np.float64(0.21083203645072904), 'Russian': np.float64(0.029097296784973643), 'Russian ': np.float64(0.0459439772902416), 'Spanish': np.float64(0.10343434353789505)}","{'English': 17, 'English ': 1, 'French': 3, 'Russian': 4, 'Russian ': 1, 'Spanish': 6}",0.43335,topic_14
Income_group_world_bank,Weighted_Degree,0.2983,0.7644464269156702,High income,63.16941521529714,Lower middle income,10.44909875661398,"['High income', 'Lower middle income', 'Upper middle income']","{'High income': np.float64(63.16941521529714), 'Lower middle income': np.float64(10.44909875661398), 'Upper middle income': np.float64(24.070921909625277)}","{'High income': 24, 'Lower middle income': 1, 'Upper middle income': 7}",0.71592,topic_14
Income_group_world_bank,Degree,0.1667,1.7605131188989163,High income,9.625,Lower middle income,4.0,"['High income', 'Lower middle income', 'Upper middle income']","{'High income': np.float64(9.625), 'Lower middle income': np.float64(4.0), 'Upper middle income': np.float64(5.142857142857143)}","{'High income': 24, 'Lower middle income': 1, 'Upper middle income': 7}",0.5094000000000001,topic_14
Income_group_world_bank,Degree_Centrality,0.1698,1.7605131188989172,High income,0.24679487179487178,Lower middle income,0.1025641025641025,"['High income', 'Lower middle income', 'Upper middle income']","{'High income': np.float64(0.24679487179487178), 'Lower middle income': np.float64(0.1025641025641025), 'Upper middle income': np.float64(0.13186813186813184)}","{'High income': 24, 'Lower middle income': 1, 'Upper middle income': 7}",0.5094000000000001,topic_14
Income_group_world_bank,Betweenness_Centrality,0.3346,0.8437311383159957,High income,0.0128317011314947,Lower middle income,0.0,"['High income', 'Lower middle income', 'Upper middle income']","{'High income': np.float64(0.0128317011314947), 'Lower middle income': np.float64(0.0), 'Upper middle income': np.float64(0.0030125508674822858)}","{'High income': 24, 'Lower middle income': 1, 'Upper middle income': 7}",0.7270500000000001,topic_14
Income_group_world_bank,Closeness_Centrality,0.2702,1.6530356306492868,High income,0.37220347428711736,Upper middle income,0.22917913004869522,"['High income', 'Lower middle income', 'Upper middle income']","{'High income': np.float64(0.37220347428711736), 'Lower middle income': np.float64(0.358974358974359), 'Upper middle income': np.float64(0.22917913004869522)}","{'High income': 24, 'Lower middle income': 1, 'Upper middle income': 7}",0.71592,topic_14
Income_group_world_bank,Eigenvector_Centrality,0.0668,2.5281437847254367,High income,0.14698793205764518,Lower middle income,0.0395650592768498,"['High income', 'Lower middle income', 'Upper middle income']","{'High income': np.float64(0.14698793205764518), 'Lower middle income': np.float64(0.0395650592768498), 'Upper middle income': np.float64(0.0612552054797451)}","{'High income': 24, 'Lower middle income': 1, 'Upper middle income': 7}",0.34354285714285715,topic_14
Territorial_claims,Weighted_Degree,0.0296,8.124988473455515,CLAIMING,142.12905163979994,NOT CLAIMING,25.673441644661985,"['BASIS OF CLAIM', 'CLAIMING', 'NOT CLAIMING']","{'BASIS OF CLAIM': np.float64(54.80949899264845), 'CLAIMING': np.float64(142.12905163979994), 'NOT CLAIMING': np.float64(25.673441644661985)}","{'BASIS OF CLAIM': 2, 'CLAIMING': 7, 'NOT CLAIMING': 23}",0.183,topic_14
Territorial_claims,Degree,0.0003,8.962782912732726,CLAIMING,15.0,NOT CLAIMING,6.130434782608695,"['BASIS OF CLAIM', 'CLAIMING', 'NOT CLAIMING']","{'BASIS OF CLAIM': np.float64(12.5), 'CLAIMING': np.float64(15.0), 'NOT CLAIMING': np.float64(6.130434782608695)}","{'BASIS OF CLAIM': 2, 'CLAIMING': 7, 'NOT CLAIMING': 23}",0.009000000000000001,topic_14
Territorial_claims,Degree_Centrality,0.0005,8.962782912732731,CLAIMING,0.3846153846153846,NOT CLAIMING,0.15719063545150497,"['BASIS OF CLAIM', 'CLAIMING', 'NOT CLAIMING']","{'BASIS OF CLAIM': np.float64(0.3205128205128205), 'CLAIMING': np.float64(0.3846153846153846), 'NOT CLAIMING': np.float64(0.15719063545150497)}","{'BASIS OF CLAIM': 2, 'CLAIMING': 7, 'NOT CLAIMING': 23}",0.009000000000000001,topic_14
Territorial_claims,Betweenness_Centrality,0.0305,4.47463784200187,CLAIMING,0.027115133052771214,NOT CLAIMING,0.0048001230259945874,"['BASIS OF CLAIM', 'CLAIMING', 'NOT CLAIMING']","{'BASIS OF CLAIM': np.float64(0.0144199611304874), 'CLAIMING': np.float64(0.027115133052771214), 'NOT CLAIMING': np.float64(0.0048001230259945874)}","{'BASIS OF CLAIM': 2, 'CLAIMING': 7, 'NOT CLAIMING': 23}",0.183,topic_14
Territorial_claims,Closeness_Centrality,0.0299,4.4244800257618495,CLAIMING,0.4919398261183674,NOT CLAIMING,0.28510074994688595,"['BASIS OF CLAIM', 'CLAIMING', 'NOT CLAIMING']","{'BASIS OF CLAIM': np.float64(0.44760781029954705), 'CLAIMING': np.float64(0.4919398261183674), 'NOT CLAIMING': np.float64(0.28510074994688595)}","{'BASIS OF CLAIM': 2, 'CLAIMING': 7, 'NOT CLAIMING': 23}",0.183,topic_14
Territorial_claims,Eigenvector_Centrality,0.0008,8.219040054569938,CLAIMING,0.23080385446714244,NOT CLAIMING,0.0880352851588584,"['BASIS OF CLAIM', 'CLAIMING', 'NOT CLAIMING']","{'BASIS OF CLAIM': np.float64(0.1778116635474046), 'CLAIMING': np.float64(0.23080385446714244), 'NOT CLAIMING': np.float64(0.0880352851588584)}","{'BASIS OF CLAIM': 2, 'CLAIMING': 7, 'NOT CLAIMING': 23}",0.009600000000000001,topic_14
Number_stations_groups_2017,Weighted_Degree,0.9894,4.1669268606205194e-05,Low,58.834595707640176,High,58.49300418622778,"['High', 'Low']","{'High': np.float64(58.49300418622778), 'Low': np.float64(58.834595707640176)}","{'High': 3, 'Low': 25}",0.9894,topic_14
Number_stations_groups_2017,Degree,0.6462,0.23402573448684696,High,10.666666666666666,Low,8.72,"['High', 'Low']","{'High': np.float64(10.666666666666666), 'Low': np.float64(8.72)}","{'High': 3, 'Low': 25}",0.7754399999999999,topic_14
Number_stations_groups_2017,Degree_Centrality,0.638,0.23402573448684733,High,0.2735042735042735,Low,0.22358974358974357,"['High', 'Low']","{'High': np.float64(0.2735042735042735), 'Low': np.float64(0.22358974358974357)}","{'High': 3, 'Low': 25}",0.7754399999999999,topic_14
Number_stations_groups_2017,Betweenness_Centrality,0.9339,0.0069857395200347205,High,0.012677930944184734,Low,0.011627100339174617,"['High', 'Low']","{'High': np.float64(0.012677930944184734), 'Low': np.float64(0.011627100339174617)}","{'High': 3, 'Low': 25}",0.96336,topic_14
Number_stations_groups_2017,Closeness_Centrality,0.424,0.6879955818092206,High,0.4278432705814759,Low,0.32589946817655274,"['High', 'Low']","{'High': np.float64(0.4278432705814759), 'Low': np.float64(0.32589946817655274)}","{'High': 3, 'Low': 25}",0.7270500000000001,topic_14
Number_stations_groups_2017,Eigenvector_Centrality,0.9366,0.007345311179664162,Low,0.13178666140543416,High,0.12613767784271815,"['High', 'Low']","{'High': np.float64(0.12613767784271815), 'Low': np.float64(0.13178666140543416)}","{'High': 3, 'Low': 25}",0.96336,topic_14
